<?xml version="1.0" encoding="UTF-8"?>
<project-private xmlns="http://www.netbeans.org/ns/project-private/1">
    <editor-bookmarks xmlns="http://www.netbeans.org/ns/editor-bookmarks/2" lastBookmarkId="0"/>
    <open-files xmlns="http://www.netbeans.org/ns/projectui-open-files/2">
        <group>
            <file>file:/D:/Documentos/NetBeansProjects/BuildTaskPro/Views/tareas.html</file>
            <file>file:/D:/Documentos/NetBeansProjects/BuildTaskPro/Views/Administrativo/create.html</file>
            <file>file:/D:/Documentos/NetBeansProjects/BuildTaskPro/App.js</file>
            <file>file:/D:/Documentos/NetBeansProjects/BuildTaskPro/Views/index.html</file>
            <file>file:/D:/Documentos/NetBeansProjects/BuildTaskPro/Views/showtareas.html</file>
            <file>file:/D:/Documentos/NetBeansProjects/BuildTaskPro/Views/Administrativo/index.html</file>
        </group>
    </open-files>
</project-private>
